,name
0,Salz
1,Pfeffer
2,Zucker
3,Butter
4,Olivenöl
5,Mehl
6,Eier
7,Zwiebel
8,Öl
10,Milch
11,Petersilie
12,Gemüsebrühe
13,Tomaten
14,Kartoffeln
15,Zitrone
16,Zwiebeln
17,Backpulver
18,Puderzucker
19,Sahne
20,Rapsöl
21,Knoblauch
22,Knoblauchzehe
23,Paprika
24,Honig
25,Wasser
26,Möhren
27,Ei
28,Zitronensaft
29,Thymian
30,Knoblauchzehen
31,Vanillezucker
32,Zimt
33,Senf
34,Koriander
35,Schlagsahne
36,Schnittlauch
37,Basilikum
38,Rosmarin
39,Mandeln
40,Speisestärke
41,Sonnenblumenöl
42,Meersalz
43,Tomatenmark
44,Parmesan
45,Zucchini
46,Joghurt
47,Minze
48,Frischkäse
49,Kirschtomaten
50,Ingwer
51,Schalotten
52,Muskatnuss
53,Vanilleschote
54,Muskat
55,Paprikapulver
56,Limette
57,Weißwein
58,Bio-Zitrone
59,Äpfel
61,Schmand
62,Dill
63,Champignons
64,Chilischote
65,Frühlingszwiebeln
66,Himbeeren
67,Balsamico
68,Hackfleisch
69,Feta
70,Lauchzwiebeln
71,Weizenmehl
72,Kreuzkümmel
73,Haferflocken
74,Rucola
75,Eigelb
76,Paprikaschote
77,Walnüsse
78,Hefe
79,Spargel
80,Kokosmilch
81,Pinienkerne
82,Erdbeeren
83,Oregano
84,Sojasoße
85,Rotwein
86,Paniermehl
87,Weißweinessig
88,Ahornsirup
89,Chiliflocken
90,Oliven
91,Pflanzenöl
92,Bananen
93,Mozzarella
94,Butterschmalz
95,Currypulver
96,Schokolade
97,Schalotte
98,Magerquark
99,Agavendicksaft
100,Sesam
101,Salatgurke
102,Blattspinat
103,Zartbitterschokolade
104,Essig
105,Lebensmittelfarbe
106,Chili
107,Eiswürfel
108,Apfelessig
109,Lorbeerblätter
110,Avocado
111,Orange
112,Orangensaft
113,Mango
114,Lorbeerblatt
115,Apfel
117,Haselnüsse
118,Brokkoli
119,Pistazien
120,Quark
121,Naturjoghurt
123,Reis
124,Karotten
125,Lauch
126,Apfelsaft
127,Vollmilch
128,Rohrzucker
129,Möhre
130,Erbsen
131,Kichererbsen
132,Margarine
133,Avocados
134,Radieschen
135,Kürbiskerne
136,Gelatine
137,Pfefferkörner
138,Süßrahmbutter
139,Kokosöl
140,Speck
141,Kakaopulver
142,Feldsalat
143,Mascarpone
144,Cashewkerne
145,Gouda
146,Mayonnaise
147,Süßkartoffeln
148,Chilipulver
149,Gurke
150,Gemüsefond
151,Kräuter
152,Limettensaft
153,Buttermilch
154,Sesamöl
155,Semmelbrösel
157,Kurkuma
158,Blaubeeren
159,Majoran
160,Sternanis
161,Käse
162,Spaghetti
163,Cayennepfeffer
164,Kuvertüre
165,Rosinen
166,Bohnen
167,Ananas
169,Backkakao
170,Walnusskerne
171,Vanille
172,Datteln
173,Curry
174,Aubergine
175,Erdnüsse
176,Sojasauce
177,Sonnenblumenkerne
178,Kümmel
179,Mandelblättchen
180,Brötchen
181,Blätterteig
182,Linsen
183,Birnen
184,Zitronen
185,Erdnussbutter
186,Bio-Orange
187,Natron
188,Wacholderbeeren
189,Nelken
190,Emmentaler
191,Mais
192,Ziegenfrischkäse
193,Aprikosen
194,Kresse
195,Zimtstange
196,Chilischoten
197,Mineralwasser
198,Kapern
199,Porree
200,Pesto
201,Limetten
202,Vanillin-Zucker
203,Hähnchenbrustfilet
204,Granatapfel
205,Blumenkohl
206,Cocktailtomaten
207,Rotkohl
208,Banane
209,Lachsfilet
210,Couscous
211,Quinoa
212,Bacon
213,Räucherlachs
214,Garnelen
215,Salbei
216,Kerbel
217,Orangen
218,Rinderhackfleisch
219,Rum
220,Spinat
221,Cranberries
222,Trockenhefe
223,Heidelbeeren
224,Schinken
225,Dinkelmehl
226,Sahnesteif
227,Kristallsalz
228,Suppengrün
229,Zuckerschoten
231,Weißkohl
232,Cheddar
233,Kakao
234,Balsamico-Essig
235,Paprikaschoten
236,Rinderfond
237,Speckwürfel
238,Rotweinessig
239,Speisequark
240,Hokkaido-Kürbis
241,Bergkäse
242,Nudeln
243,Beeren
244,Kohlrabi
245,Roh-Rohrzucker
246,Kokosraspeln
247,Rispentomaten
248,TK-Erbsen
249,Brühe
250,Gewürznelken
251,Staudensellerie
252,Peperoni
253,Knollensellerie
254,Toastbrot
255,Jodsalz
257,Meerrettich
258,Vollmilchschokolade
259,Cherrytomaten
260,Lorbeer
261,Gewürzgurken
262,Currypaste
263,Ricotta
264,Ciabatta
265,Lebkuchengewürz
266,Chiasamen
267,Hokkaido
269,Tafelsalz
270,Ketchup
271,Hähnchenbrustfilets
272,Zitronengras
273,Feigen
274,Bandnudeln
275,Spitzkohl
276,Fenchel
278,Sellerie
279,Espresso
280,Gnocchi
281,Fondant
282,Birne
283,Hühnerbrühe
284,Zitronenmelisse
285,Sesamsaat
286,Hähnchenfilet
287,Leinsamen
288,Kokoschips
289,Geflügelfond
290,Rhabarber
291,Kidneybohnen
292,Soßenbinder
293,Doppelrahm-Frischkäse
294,Pastinaken
295,Weintrauben
296,Tofu
297,Frühstücksspeck
298,Puddingpulver
299,Kardamom
300,Parmesankäse
301,Rosenkohl
302,Zartbitter-Schokolade
303,Pilze
304,Estragon
305,Gemüsezwiebel
306,Balsamicoessig
307,Zuckerstreusel
308,Karotte
309,Räuchertofu
310,Süßkartoffel
311,Fusilli
312,Tortilla
313,Baguette
314,Hähnchenbrust
315,Babyspinat
316,Schinkenwürfel
317,Kirschen
318,Bier
319,Blütenhonig
320,Bio-Zitronen
321,Weißwein-Essig
322,Auberginen
323,Walnussöl
324,Küchengarn
325,Butterkekse
326,Kürbis
327,TK-Himbeeren
328,Rinderfilet
329,Vielblütenhonig
330,Johannisbeeren
331,Salat
332,Bio-Limette
333,Erdnussöl
334,Wirsing
336,Kopfsalat
337,Vanilleschoten
338,Mandelstifte
339,Tomate
340,Pfifferlinge
341,Tahin
342,Stärke
343,Kräutersalz
344,Basmatireis
345,Masala
346,Brot
347,Reggiano
348,Vollmilch-Joghurt
350,Rinderbrühe
351,Vanillepuddingpulver
352,Kochschinken
353,Würstchen
354,Eisbergsalat
356,Kokosraspel
357,Rinderhack
359,Risotto-Reis
360,Ziegenkäse
361,Lachs
362,Zimtstangen
363,Fischfond
364,Frühlingszwiebel
365,Rauke
367,Radicchio
368,Zuckerperlen
369,Tee
370,Penne
372,Salami
373,Rohrohrzucker
374,Pimentkörner
376,Back-Kakao
378,Marzipan-Rohmasse
379,H-Milch
380,Pfirsiche
381,Pfefferbeeren
382,Linguine
384,Parmigiano
385,Piment
387,Kokosfett
388,Zartbitterkuvertüre
391,Kardamomkapseln
392,Mandelmilch
395,Hagelzucker
397,Vollkornmehl
398,Kerne
399,Fischsoße
400,Cream
401,Spätzle
402,Steinpilze
403,Kürbiskernöl
404,Kondensmilch
405,Haselnusskerne
406,Bauernbrot
407,Zartbitter-Kuvertüre
409,Zwetschgen
410,Schweinefilet
411,Granatapfelkerne
412,Romana
413,Preiselbeeren
415,Wassermelone
416,Bourbon-Vanillezucker
417,Spitzpaprika
418,Bulgur
419,Kaffee
420,Koriandersamen
422,Raffinade-Zucker
423,Reisessig
425,Gewürz
426,Schinkenspeck
427,Marzipanrohmasse
428,Grünkohl
430,Brombeeren
431,Bio-Orangen
432,Müsli
433,Vanilleeis
434,Polenta
435,Bio-Limetten
436,Glasnudeln
438,Maisstärke
439,Dinkelvollkornmehl
440,Sprudelwasser
441,Schafskäse
442,Wraps
443,Zuckerschrift
444,Hähnchen
445,Akazienhonig
446,Sambal
448,Tortellini
449,Wodka
450,Parmaschinken
451,Soße
452,Langkornreis
453,Rind
454,Delikatess
455,Strauchtomaten
456,Thunfisch
457,Tahini
458,Risottoreis
460,Maiskolben
461,Frittieröl
462,Chorizo
463,Senfkörner
464,Kiwis
465,Hokkaidokürbis
467,Vanillemark
468,Sekt
470,Gin
471,Pekannüsse
472,Pflaumen
473,Buchweizenmehl
474,H-Vollmilch
475,Cookies
477,Chips
479,Haferdrink
480,Weizen-Vollkornmehl
482,H-Schlagsahne
483,Gruyère
484,Amaranth
485,Bärlauch
486,Basilikumblätter
487,Marshmallows
488,Pizzateig
489,Chicorée
490,Kiwi
491,Tabasco
492,Raffinade
494,Shiitake
495,Rindergulasch
496,Italien
497,Pistazienkerne
498,Maronen
499,Fleischtomaten
500,Salat-Mayonnaise